Title,Progress,Type,MAL_Score,AniList_Score,Genres,Notes,MAL_URL,AniList_URL,Current_MAL_Score,Current_AniList_Score,Average_Score
Lycoris Recoil,0/13,TV,9.28,7.6,"Action, Girls Love",,https://myanimelist.net/anime/50709/Lycoris_Recoil,https://anilist.co/anime/143270/Lycoris-Recoil,8.14,8.1,8.12
Frieren: Beyond Journey's End Season 2,0/10,TV,9.28,TBD,"Adventure, Drama, Fantasy",[2024+] Upcoming 2026,https://myanimelist.net/anime/59978/Sousou_no_Frieren_2nd_Season,https://anilist.co/anime/182255/Sousou-no-Frieren-2nd-Season,9.28,8.9,9.09
Kaguya-sama: Love is War -Ultra Romantic-,0/13,TV,8.98,9,"Comedy, Psychological, Romance",,https://myanimelist.net/anime/43608/Kaguya-sama_wa_Kokurasetai__Ultra_Romantic,https://anilist.co/anime/125367/Kaguya-sama-Love-is-War-Ultra-Romantic,8.96,8.9,8.93
Shikimori's Not Just a Cutie,0/12,TV,8.96,7.2,"Comedy, Romance, School",,https://myanimelist.net/anime/45613/Kawaii_dake_ja_Nai_Shikimori-san,https://anilist.co/anime/127911/Kawaii-dake-ja-Nai-Shikimori-san,6.94,6.8,6.87
NANA,0/47,TV,8.83,8.5,"Comedy, Drama, Music, Romance, Shoujo, Slice of Life",,https://myanimelist.net/anime/877/Nana,https://anilist.co/anime/877/Nana,8.57,8.5,8.54
91 Days,0/12,TV,8.78,7.9,"Action, Drama, Historical",,https://myanimelist.net/anime/32998/91_Days,https://anilist.co/anime/21711/91Days,7.82,7.6,7.71
Seraph of the End: Battle in Nagoya,0/12,TV,8.74,7.6,"Action, Drama, Military, Shounen, Supernatural, Vampire",,https://myanimelist.net/anime/28927/Owari_no_Seraph__Nagoya_Kessen-hen,https://anilist.co/anime/20993/Owari-no-Seraph-Nagoya-Kessenhen,7.61,7.4,7.51
Tsuredure Children,0/12,TV,8.73,7.9,"Comedy, Romance, School, Shounen",,https://myanimelist.net/anime/34902/Tsurezure_Children,https://anilist.co/anime/98291/Tsurezure-Children,7.53,7.4,7.47
MUSHI-SHI,0/26,TV,8.72,8.7,"Adventure, Fantasy, Historical, Mystery, Seinen, Slice of Life, Supernatural",,https://myanimelist.net/anime/457/Mushishi,https://anilist.co/anime/457/Mushishi,8.65,8.5,8.58
Kabaneri of the Iron Fortress,0/12,TV,8.72,7.3,"Action, Drama, Fantasy, Horror, Supernatural",,https://myanimelist.net/anime/28623/Koutetsujou_no_Kabaneri,https://anilist.co/anime/21196/Koutetsujou-no-Kabaneri,7.28,7.0,7.14
Daily Lives of High School Boys,0/12,TV,8.72,8.2,"Comedy, School, Seinen, Slice of Life",,https://myanimelist.net/anime/11843/Danshi_Koukousei_no_Nichijou,https://anilist.co/anime/11843/Danshi-Koukousei-no-Nichijou,8.23,8.0,8.12
Mob Psycho 100 III,0/12,TV,8.71,8.8,"Action, Comedy, Supernatural",,https://myanimelist.net/anime/50172/Mob_Psycho_100_III,https://anilist.co/anime/140439/Mob-Psycho-100-III,8.71,8.7,8.71
Gate,0/12,TV,8.71,7.7,"Action, Adventure, Fantasy, Military",,https://myanimelist.net/anime/28907/Gate__Jieitai_Kanochi_nite_Kaku_Tatakaeri,https://anilist.co/anime/20994/GATE-Jieitai-Kanochi-nite-Kaku-Tatakaeri,7.68,7.4,7.54
Fruits Basket Season 2,0/25,TV,8.69,7.5,"Comedy, Drama, Romance, Supernatural, Slice of Life",,https://myanimelist.net/anime/40417/Fruits_Basket_2nd_Season,https://anilist.co/anime/111762/Fruits-Basket-2nd-Season,8.53,8.5,8.52
Spice and Wolf,0/13,TV,8.68,8.3,"Adventure, Fantasy, Historical, Romance, Supernatural",,https://myanimelist.net/anime/2966/Ookami_to_Koushinryou,https://anilist.co/anime/2966/Ookami-to-Koushinryou,8.21,8.0,8.11
Princess Mononoke,0/1,Movie,8.68,8.3,"Action, Adventure, Fantasy, Historical",,https://myanimelist.net/anime/164/Mononoke_Hime,https://anilist.co/anime/164/Mononokehime,8.67,8.5,8.59
86 EIGHTY-SIX Part 2,0/12,TV,8.68,8.8,"Action, Drama, Mecha, Military, Sci-Fi",,https://myanimelist.net/anime/48569/86_Part_2,https://anilist.co/anime/131586/86-Eighty-Six-Part-2,8.72,8.7,8.71
Snow White with the Red Hair,0/12,TV,8.67,8.2,"Fantasy, Romance, Shoujo, Slice of Life",,https://myanimelist.net/anime/30123/Akagami_no_Shirayuki-hime,https://anilist.co/anime/21058/Akagami-no-Shirayukihime,7.80,7.6,7.7
Vivy -Fluorite Eye's Song-,0/13,TV,8.66,8.5,"Action, Sci-Fi, Suspense",,https://myanimelist.net/anime/46095/Vivy__Fluorite_Eyes_Song,FAILED_LOOKUP,8.38,,8.44
Mob Psycho 100 II,0/13,TV,8.65,8.7,"Action, Comedy, Supernatural",,https://myanimelist.net/anime/37510/Mob_Psycho_100_II,FAILED_LOOKUP,8.78,,8.74
Ranking of Kings,0/23,TV,8.62,8.6,"Adventure, Fantasy",,https://myanimelist.net/anime/40834/Ousama_Ranking,FAILED_LOOKUP,8.48,,8.54
Darker than Black,0/25,TV,8.62,7.8,"Action, Mystery, Sci-Fi, Super Power",,https://myanimelist.net/anime/2025/Darker_than_Black__Kuro_no_Keiyakusha,FAILED_LOOKUP,8.04,,7.92
INUYASHIKI LAST HERO,0/11,TV,8.61,7.7,"Action, Drama, Psychological, Sci-Fi, Seinen",,https://myanimelist.net/anime/34542/Inuyashiki,FAILED_LOOKUP,7.63,,7.67
Fruits Basket The Final Season,0/13,TV,8.61,7.9,"Drama, Romance, Shoujo, Slice of Life, Supernatural",,https://myanimelist.net/anime/42938/Fruits_Basket__The_Final,FAILED_LOOKUP,8.94,,8.42
K,0/13,TV,8.56,7.6,"Action, Magic, Supernatural",,https://myanimelist.net/anime/14467/K,FAILED_LOOKUP,7.42,,7.51
"Josee, the Tiger and the Fish",0/1,Movie,8.53,8.57,"8.6, Drama, Romance, Slice of Life",,https://myanimelist.net/anime/40787/Josee_to_Tora_to_Sakana-tachi,FAILED_LOOKUP,8.38,,8.48
The Promised Neverland,0/12,TV,8.52,8.3,"Thriller, Mystery, Psychological, Shounen",,https://myanimelist.net/anime/37779/Yakusoku_no_Neverland,FAILED_LOOKUP,8.47,,8.39
Monster Musume: Everyday Life With Monster Girls,0/12,TV,8.52,6.9,"Comedy, Ecchi, Fantasy, Harem, Romance, Seinen",,https://myanimelist.net/anime/30307/Monster_Musume_no_Iru_Nichijou,FAILED_LOOKUP,6.92,,6.91
Summer Time Rendering,0/25,TV,8.50,8.6,"Mystery, Supernatural, Suspense",,https://myanimelist.net/anime/47194/Summertime_Render,FAILED_LOOKUP,8.47,,8.54
Samurai Champloo,0/26,TV,8.50,8.5,"Action, Adventure, Comedy, Historical, Samurai",,https://myanimelist.net/anime/205/Samurai_Champloo,FAILED_LOOKUP,8.52,,8.51
Haganai,0/12,TV,8.5,7.4,"Comedy, Ecchi, Harem, Romance, School, Seinen",,https://myanimelist.net/anime/10719/Boku_wa_Tomodachi_ga_Sukunai,FAILED_LOOKUP,7.13,,7.27
Chainsaw Man  The Movie: Reze Arc,0/1,Movie,8.5,TBD,"Action, Fantasy, Shounen",[2024+] Upcoming 2025,UNRELEASED,UNRELEASED,7.13,Unrated,7.13
Mob Psycho 100,0/12,TV,8.49,8.5,"Action, Comedy, Drama, Psychological, Slice of Life, Supernatural",,https://myanimelist.net/anime/32182/Mob_Psycho_100,FAILED_LOOKUP,8.49,,8.5
Amagi Brilliant Park,0/13,TV,8.49,7.6,"Comedy, Fantasy, Magic",,https://myanimelist.net/anime/22147/Amagi_Brilliant_Park,FAILED_LOOKUP,7.45,,7.53
Nichijou - My Ordinary Life,0/26,TV,8.47,8.5,"Comedy, School, Slice of Life",,https://myanimelist.net/anime/10165/Nichijou,FAILED_LOOKUP,8.47,,8.48
Akudama Drive,0/12,TV,8.47,7.9,"Action, Sci-Fi, Suspense",,https://myanimelist.net/anime/41433/Akudama_Drive,FAILED_LOOKUP,7.57,,7.74
Tsukigakirei,0/12,TV,8.46,8.1,"Romance, School",,https://myanimelist.net/anime/34822/Tsuki_ga_Kirei,FAILED_LOOKUP,8.02,,8.06
To Be Hero X,0/24,ONA,8.46,TBD,"Action, Comedy",[2024+] Upcoming 2025,UNRELEASED,UNRELEASED,8.02,Unrated,8.02
Made in Abyss: Dawn of the Deep Soul,1/1,Movie,8.46,8.6,"Adventure, Drama, Fantasy, Mystery, Sci-Fi, Seinen",,https://myanimelist.net/anime/36862/Made_in_Abyss_Movie_3__Fukaki_Tamashii_no_Reimei,FAILED_LOOKUP,8.61,,8.61
Kaguya-sama: Love is War?,0/12,TV,8.46,8.3,"Comedy, Psychological, Romance",,https://myanimelist.net/anime/40591/Kaguya-sama_wa_Kokurasetai_Tensai-tachi_no_Renai_Zunousen,FAILED_LOOKUP,8.66,,8.48
Tomodachi Game,0/12,ONA,8.45,7.8,"Drama, Mystery, Psychological, Shounen",,https://myanimelist.net/anime/50273/Tomodachi_Game,FAILED_LOOKUP,7.71,,7.75
The Asterisk War,0/12,TV,8.45,6.9,"Action, Comedy, Ecchi, Fantasy, Harem, Romance, School, Sci-Fi",,https://myanimelist.net/anime/30544/Gakusen_Toshi_Asterisk,FAILED_LOOKUP,6.8,,6.85
The Familiar of Zero,0/13,TV,8.42,7.3,"Action, Adventure, Comedy, Ecchi, Fantasy, Harem, Magic, Romance, School",,https://myanimelist.net/anime/1195/Zero_no_Tsukaima,FAILED_LOOKUP,7.2,,7.25
March comes in like a lion,0/22,TV,8.42,8.4,"Drama, Game, Seinen, Slice of Life, Sports",,https://myanimelist.net/anime/31646/3-gatsu_no_Lion,FAILED_LOOKUP,8.37,,8.38
Grand Blue Dreaming,0/12,TV,8.42,8.5,"Comedy, Seinen, Slice of Life",,https://myanimelist.net/anime/37105/Grand_Blue,FAILED_LOOKUP,8.45,,8.47
Made in Abyss: The Golden City of the Scorching Sun,0/12,TV,8.4,8.7,"Adventure, Drama, Fantasy, Mystery, Sci-Fi",,https://myanimelist.net/anime/41084/Made_in_Abyss__Retsujitsu_no_Ougonkyou,FAILED_LOOKUP,8.6,,8.65
Kaguya-sama: Love is War,12/12,TV,8.40,8.4,"Comedy, Psychological, Romance, School, Seinen",,https://myanimelist.net/anime/37999/Kaguya-sama_wa_Kokurasetai__Tensai-tachi_no_Renai_Zunousen,FAILED_LOOKUP,8.4,,8.4
Gleipnir,0/13,TV,8.39,7,"Action, Ecchi, Mystery, Seinen, Supernatural",,https://myanimelist.net/anime/39463/Gleipnir,FAILED_LOOKUP,6.95,,6.97
ODDTAXI,0/13,TV,8.38,8.8,"Mystery, Suspense, Slice of Life, Drama",,https://myanimelist.net/anime/46102/Odd_Taxi,FAILED_LOOKUP,8.63,,8.71
Date A Live II,0/10,TV,8.36,7.2,"Comedy, Harem, Mecha, Romance, School, Sci-Fi",,https://myanimelist.net/anime/19163/Date_A_Live_II,FAILED_LOOKUP,7.17,,7.19
"So I'm a Spider, So What?",0/24,TV,8.35,7.46,"7.5, Action, Adventure, Comedy, Fantasy, Isekai, Magic, Mystery",,https://myanimelist.net/anime/37984/Kumo_desu_ga_Nani_ka,FAILED_LOOKUP,7.44,,7.45
Uzaki-chan Wants to Hang Out!,0/12,TV,8.34,7,"Comedy, Romance, Ecchi, Slice of Life",,https://myanimelist.net/anime/41226/Uzaki-chan_wa_Asobitai,FAILED_LOOKUP,6.96,,6.98
PSYCHO-PASS,0/22,TV,8.34,8.2,"Action, Police, Psychological, Sci-Fi, Seinen",,https://myanimelist.net/anime/13601/Psycho-Pass,FAILED_LOOKUP,8.33,,8.27
Parasyte -the maxim-,0/24,TV,8.33,8.1,"Action, Drama, Horror, Psychological, Sci-Fi, Seinen",,https://myanimelist.net/anime/22535/Kiseijuu__Sei_no_Kakuritsu,FAILED_LOOKUP,8.32,,8.21
PSYCHO-PASS 2,0/11,TV,8.33,7.4,"Action, Mystery, Police, Sci-Fi, Seinen",,https://myanimelist.net/anime/23281/Psycho-Pass_2,FAILED_LOOKUP,7.39,,7.39
Blood Lad,0/10,TV,8.33,7.4,"Action, Comedy, Demons, Seinen, Supernatural, Vampire",,https://myanimelist.net/anime/11633/Blood_Lad,FAILED_LOOKUP,7.23,,7.32
given,0/11,TV,8.32,8.3,"Drama, Music, Romance, Slice of Life, Boys Love",,https://myanimelist.net/anime/39533/Given,FAILED_LOOKUP,8.32,,8.31
Myriad Colors Phantom World,0/13,TV,8.32,6.9,"Action, Comedy, Fantasy, Slice of Life, Supernatural",,https://myanimelist.net/anime/31442/Musaigen_no_Phantom_World,FAILED_LOOKUP,6.84,,6.87
"More than a Married Couple, but Not Lovers.",0/12,TV,8.32,7.4,"7.5, Romance, School, Comedy",,https://myanimelist.net/anime/50425/Fuufu_Ijou_Koibito_Miman,FAILED_LOOKUP,7.59,,7.5
86 EIGHTY-SIX,0/11,TV,8.32,8.5,"Action, Drama, Mecha, Military, Sci-Fi",,https://myanimelist.net/anime/41457/86,FAILED_LOOKUP,8.34,,8.42
Kaguya-sama: Love is War -The First Kiss That Never Ends-,0/4,TV,8.31,8.8,"Comedy, Romance, Sequel",,https://myanimelist.net/anime/52198/Kaguya-sama_wa_Kokurasetai__First_Kiss_wa_Owaranai,FAILED_LOOKUP,8.72,,8.76
And you thought there is never a girl online?,0/12,TV,8.26,6.7,"Comedy, Ecchi, Game, Romance, School",,https://myanimelist.net/anime/31404/Netoge_no_Yome_wa_Onnanoko_ja_Nai_to_Omotta,FAILED_LOOKUP,6.66,,6.68
ORESUKI: Are you the only one who loves me?,0/12,TV,8.25,7.6,"Comedy, Romance, School",,https://myanimelist.net/anime/38483/Ore_wo_Suki_nano_wa_Omae_dake_ka_yo,FAILED_LOOKUP,7.29,,7.45
Hajime no Ippo: The Fighting!,0/75,TV,8.23,8.6,"Comedy, Sports, Drama, Shounen",,https://myanimelist.net/anime/263/Hajime_no_Ippo,FAILED_LOOKUP,8.78,,8.69
Katanagatari,0/12,TV,8.22,8.4,"Action, Adventure, Martial Arts, Romance",,https://myanimelist.net/anime/6594/Katanagatari,FAILED_LOOKUP,8.29,,8.34
"No Game, No Life Zero",0/1,Movie,8.21,8.30,"Drama, Fantasy, Game, Supernatural",,https://myanimelist.net/anime/33674/No_Game_No_Life_Movie__Zero,FAILED_LOOKUP,8.16,,8.23
Recovery of an MMO Junkie,0/10,TV,8.2,7.6,"Comedy, Game, Romance, Seinen",,FAILED_LOOKUP,FAILED_LOOKUP,,,
Re:CREATORS,0/22,TV,8.2,7.6,"Action, Fantasy, Sci-Fi",,https://myanimelist.net/anime/34561/Re_Creators,FAILED_LOOKUP,7.55,,7.57
Bloom Into You,0/13,TV,8.2,8,"Drama, Girls Love, Romance, School",,https://myanimelist.net/anime/37786/Yagate_Kimi_ni_Naru,FAILED_LOOKUP,7.88,,7.94
Dr. STONE: STONE WARS,0/11,TV,8.19,8.1,"Action, Adventure, Comedy, Sci-Fi",,https://myanimelist.net/anime/40852/Dr_Stone__Stone_Wars,FAILED_LOOKUP,8.15,,8.12
The World God Only Knows,0/12,TV,8.18,8,"Comedy, Harem, Romance, Shounen, Supernatural",,https://myanimelist.net/anime/8525/Kami_nomi_zo_Shiru_Sekai,FAILED_LOOKUP,7.64,,7.82
Rokka -Braves of the Six Flowers-,0/12,TV,8.17,7.4,"Action, Adventure, Fantasy, Mystery, Magic",,https://myanimelist.net/anime/28497/Rokka_no_Yuusha,FAILED_LOOKUP,7.25,,7.33
Blue Box,0/25,ONA,8.17,TBD,"Sports, Romance, Shounen",[2024+] Ongoing 2024-2025,https://myanimelist.net/anime/57181/Ao_no_Hako,FAILED_LOOKUP,8.17,,8.17
Plunderer,0/24,TV,8.16,6.5,"Action, Ecchi, Fantasy, Shounen",,https://myanimelist.net/anime/37345/Plunderer,FAILED_LOOKUP,6.65,,6.58
Noragami Aragoto,0/13,TV,8.16,8.2,"Action, Adventure, Supernatural, Shounen",,https://myanimelist.net/anime/30503/Noragami_Aragoto,FAILED_LOOKUP,8.14,,8.17
March comes in like a lion Season 2,0/22,TV,8.16,8.9,"Drama, Game, Seinen, Slice of Life, Sports",,https://myanimelist.net/anime/35180/3-gatsu_no_Lion_2nd_Season,FAILED_LOOKUP,8.9,,8.9
Death Parade,0/12,TV,8.16,8.2,"Drama, Game, Mystery, Psychological, Thriller",,https://myanimelist.net/anime/28223/Death_Parade,FAILED_LOOKUP,8.14,,8.17
Death March to the Parallel World Rhapsody,0/12,TV,8.15,6.5,"Action, Adventure, Fantasy, Harem, Isekai",,https://myanimelist.net/anime/34497/Death_March_kara_Hajimaru_Isekai_Kyousoukyoku,FAILED_LOOKUP,6.43,,6.46
Infinite Stratos,0/12,TV,8.14,6.6,"Action, Comedy, Harem, Mecha, Romance, School, Sci-Fi",,https://myanimelist.net/anime/9041/IS__Infinite_Stratos,FAILED_LOOKUP,6.6,,6.6
My Teen Romantic Comedy SNAFU,0/13,TV,8.12,7.9,"Comedy, Romance, School, Slice of Life",,https://myanimelist.net/anime/14813/Yahari_Ore_no_Seishun_Love_Comedy_wa_Machigatteiru,FAILED_LOOKUP,8.0,,7.95
Spice and Wolf: MERCHANT MEETS THE WISE WOLF,0/25,TV,8.11,TBD,"Adventure, Fantasy, Romance",[2024+] Aired 2024,https://myanimelist.net/anime/51122/Ookami_to_Koushinryou__Merchant_Meets_the_Wise_Wolf,FAILED_LOOKUP,8.12,,8.12
Sankarea: Undying Love,0/12,TV,8.11,7.4,"Comedy, Ecchi, Horror, Romance, Shounen, Supernatural",,https://myanimelist.net/anime/11499/Sankarea,FAILED_LOOKUP,7.26,,7.33
Platinum End,0/24,TV,8.11,6.1,"Drama, Supernatural, Suspense, Shounen",,https://myanimelist.net/anime/44961/Platinum_End,FAILED_LOOKUP,6.02,,6.06
"I Got a Cheat Skill in Another World and Became Unrivaled in The Real World, Too",0/13,TV,8.11,6.3,"Action, Adventure, Fantasy, Harem, Isekai",,https://myanimelist.net/anime/52830/Isekai_de_Cheat_Skill_wo_Te_ni_Shita_Ore_wa_Genjitsu_Sekai_wo_mo_Musou_Suru__Level_Up_wa_Jinsei_wo_Kaeta,FAILED_LOOKUP,6.33,,6.31
Tamako Market,0/12,TV,8.1,7.5,"Slice of Life, Comedy",,https://myanimelist.net/anime/16417/Tamako_Market,FAILED_LOOKUP,7.41,,7.46
Yona of the Dawn,0/24,TV,8.08,8,"Action, Adventure, Comedy, Fantasy, Romance, Shoujo",,https://myanimelist.net/anime/25013/Akatsuki_no_Yona,FAILED_LOOKUP,8.04,,8.02
Sonny Boy,0/12,TV,8.08,8,"Mystery, Sci-Fi, Supernatural, Thriller",,https://myanimelist.net/anime/48849/Sonny_Boy,FAILED_LOOKUP,7.84,,7.92
Seirei Gensouki: Spirit Chronicles,0/12,TV,8.08,7.1,"Action, Adventure, Fantasy, Harem, Isekai, Romance",,https://myanimelist.net/anime/44203/Seirei_Gensouki,https://anilist.co/anime/126546/Seirei-Gensouki,7.06,6.9,6.98
Dr. STONE,0/24,TV,8.08,8.1,"Action, Adventure, Comedy, Sci-Fi",,https://myanimelist.net/anime/38691/Dr_Stone,https://anilist.co/anime/105333/Dr-STONE,8.26,8.1,8.18
"Girlfriend, Girlfriend",0/12,TV,8.07,6.49,"6.5, Comedy, Harem, Romance, School, Shounen",,https://myanimelist.net/anime/43969/Kanojo_mo_Kanojo,https://anilist.co/anime/126192/Kanojo-mo-Kanojo,6.51,6.3,6.4
AHO-GIRL,0/12,TV,8.07,7,"Comedy, Romance, School, Slice of Life",,https://myanimelist.net/anime/34881/Aho_Girl,https://anilist.co/anime/98251/AhoGirl,6.71,6.4,6.55
Uncle from Another World,0/13,TV,8.06,8,"Comedy, Fantasy, Isekai, Parody",,https://myanimelist.net/anime/49220/Isekai_Ojisan,https://anilist.co/anime/135806/Isekai-Ojisan,7.75,7.6,7.67
Toradora!,0/25,TV,8.06,8,"Comedy, Drama, Romance, School, Slice of Life",,https://myanimelist.net/anime/4224/Toradora,https://anilist.co/anime/4224/Toradora,8.04,7.7,7.87
SCHOOL-LIVE!,0/12,TV,8.06,7.7,"Horror, Mystery, Psychological, School, Slice of Life, Supernatural",,https://myanimelist.net/anime/24765/Gakkougurashi,https://anilist.co/anime/20754/Gakkou-Gurashi,7.61,7.4,7.51
ID: INVADED,0/13,TV,8.06,8,"Mystery, Police, Psychological, Sci-Fi",,https://myanimelist.net/anime/40046/Id_Invaded,https://anilist.co/anime/110350/ID-INVADED,7.81,7.7,7.75
The Detective Is Already Dead,0/12,TV,8.05,6.5,"Comedy, Drama, Mystery, Romance, Supernatural",,https://myanimelist.net/anime/46471/Tantei_wa_Mou_Shindeiru,https://anilist.co/anime/128712/Tantei-wa-mou-Shindeiru,6.43,6.0,6.21
A Sign of Affection,0/12,TV,8.05,7.8,"Romance, Slice of Life, Drama, Girls Love",,FAILED_LOOKUP,FAILED_LOOKUP,,,
Twin Star Exorcists,0/50,TV,8.04,7.8,"Action, Fantasy, Shounen, Supernatural",,FAILED_LOOKUP,FAILED_LOOKUP,,,
The Hidden Dungeon Only I Can Enter,0/12,TV,8.04,6.3,"Action, Adventure, Ecchi, Fantasy, Harem",,FAILED_LOOKUP,FAILED_LOOKUP,,,
Talentless Nana,0/13,TV,8.03,7.4,"Psychological, Supernatural, Suspense, Thriller",,FAILED_LOOKUP,FAILED_LOOKUP,,,
Buddy Daddies,0/12,TV,8.03,8,"Action, Comedy, Childcare",,FAILED_LOOKUP,FAILED_LOOKUP,,,
"Science Fell in Love, So I Tried to Prove It",0/12,TV,8.01,7.36,"7.4, Comedy, Romance, Seinen",,FAILED_LOOKUP,FAILED_LOOKUP,,,
Wotakoi: Love is Hard for Otaku,0/11,TV,8.00,7.9,"Comedy, Romance, Slice of Life",,FAILED_LOOKUP,FAILED_LOOKUP,,,
"WorldEnd: What are you doing at the end of the world? Are you busy? Will you save us?""""",0/12,TV,8,7.9,"Drama, Fantasy, Romance, Sci-Fi",,FAILED_LOOKUP,FAILED_LOOKUP,,,
World Trigger,0/73,TV,8,7.7,"Action, School, Sci-Fi, Shounen, Supernatural",,https://myanimelist.net/anime/24405/World_Trigger,https://anilist.co/anime/20729/World-Trigger,7.58,7.3,7.44
Tamako -love story-,0/1,Movie,8,8,"Comedy, Romance, Slice of Life",,FAILED_LOOKUP,FAILED_LOOKUP,,,
Blast of Tempest,0/24,TV,8,7.9,"Action, Drama, Fantasy, Mystery, Psychological, Shounen",,FAILED_LOOKUP,FAILED_LOOKUP,,,
Ranma1/2 (2024),0/12,TV,7.99,8.2,"Comedy, Romance, Martial Arts, Slice of Life",[2024-2025] Remake airing 2024,FAILED_LOOKUP,FAILED_LOOKUP,,,
Boarding School Juliet,0/12,TV,7.99,7.6,"Action, Comedy, Romance, School, Shounen",,FAILED_LOOKUP,FAILED_LOOKUP,,,
Noragami,0/12,TV,7.98,7.9,"Action, Adventure, Supernatural, Shounen",,FAILED_LOOKUP,FAILED_LOOKUP,,,
TONIKAWA: Over The Moon For You,0/12,TV,7.96,7.9,"Comedy, Romance, Shounen",,FAILED_LOOKUP,FAILED_LOOKUP,,,
Seitokai Yakuindomo,0/13,TV,7.96,7.7,"Comedy, School, Shounen, Slice of Life",,FAILED_LOOKUP,FAILED_LOOKUP,,,
My Senpai is Annoying,0/12,TV,7.96,7.7,"Comedy, Romance, Slice of Life",,FAILED_LOOKUP,FAILED_LOOKUP,,,
Date A Live III,0/12,TV,7.95,7.2,"Comedy, Harem, Mecha, Romance, School, Sci-Fi",,FAILED_LOOKUP,FAILED_LOOKUP,,,
Blood Blockade Battlefront & Beyond,0/12,TV,7.95,7.9,"Action, Comedy, Fantasy, Supernatural, Vampire",,FAILED_LOOKUP,FAILED_LOOKUP,,,
Maoyu: Archenemy & Hero,0/12,TV,7.94,7.4,"Adventure, Demons, Fantasy, Historical, Romance",,FAILED_LOOKUP,FAILED_LOOKUP,,,
When Supernatural Battles Became Commonplace,0/12,TV,7.92,7.3,"Comedy, Fantasy, School, Slice of Life, Supernatural, Super Power",,FAILED_LOOKUP,FAILED_LOOKUP,,,
Terror in Resonance,0/11,TV,7.92,8.1,"Mystery, Psychological, Thriller",,https://myanimelist.net/anime/23283/Zankyou_no_Terror,https://anilist.co/anime/20661/Zankyou-no-Terror,8.08,7.8,7.94
Plastic Memories,0/13,TV,7.92,7.9,"Drama, Romance, Sci-Fi, Slice of Life",,https://myanimelist.net/anime/27775/Plastic_Memories,https://anilist.co/anime/20872/Plastic-Memories,7.91,7.7,7.81
Angel Beats!,0/13,TV,7.90,7.7,"Action, Comedy, Drama, Supernatural",,FAILED_LOOKUP,FAILED_LOOKUP,,,
SSSS.GRIDMAN,0/12,TV,7.89,7.9,"Action, Mecha, Sci-Fi",,FAILED_LOOKUP,FAILED_LOOKUP,,,
Campfire Cooking in Another World with my Absurd Skill,0/12,TV,7.89,7.7,"Adventure, Fantasy, Gourmet, Isekai, Slice of Life",,FAILED_LOOKUP,FAILED_LOOKUP,,,
The Future Diary,0/26,TV,7.88,7.5,"Action, Psychological, Supernatural, Thriller",,FAILED_LOOKUP,FAILED_LOOKUP,,,
The Asterisk War 2,0/12,TV,7.88,7,"Action, Comedy, Ecchi, Fantasy, Harem, Romance, School, Sci-Fi",,FAILED_LOOKUP,FAILED_LOOKUP,,,
Skeleton Knight in Another World,0/12,TV,7.88,7,"Action, Adventure, Fantasy, Isekai",,FAILED_LOOKUP,FAILED_LOOKUP,,,
Reincarnated as a Sword,0/12,ONA,7.88,7.5,"Action, Adventure, Fantasy, Isekai",,FAILED_LOOKUP,FAILED_LOOKUP,,,
B: The Beginning,0/12,ONA,7.88,7.2,"Action, Mystery, Police, Psychological, Supernatural, Thriller",,FAILED_LOOKUP,FAILED_LOOKUP,,,
A Sister's All You Need.,0/12,TV,7.88,7.4,"Comedy, Drama, Romance, Ecchi",,FAILED_LOOKUP,FAILED_LOOKUP,,,
Tokyo Ravens,0/24,TV,7.87,7.5,"Action, Comedy, Magic, Romance, School, Shounen, Supernatural",,FAILED_LOOKUP,FAILED_LOOKUP,,,
Insomniacs After School,0/13,TV,7.87,8.2,"Romance, Slice of Life",,FAILED_LOOKUP,FAILED_LOOKUP,,,
Kono Oto Tomare!: Sounds of Life,0/13,TV,7.86,8,"Drama, Music, Romance, School, Shounen",,FAILED_LOOKUP,FAILED_LOOKUP,,,
DECA-DENCE,0/12,TV,7.86,7.5,"Action, Adventure, Sci-Fi",,FAILED_LOOKUP,FAILED_LOOKUP,,,
Spice and Wolf II,0/12,TV,7.85,8.4,"Adventure, Fantasy, Historical, Romance, Supernatural",,FAILED_LOOKUP,FAILED_LOOKUP,,,
I'm Quitting Heroing,0/12,TV,7.85,7.3,"Action, Adventure, Comedy, Fantasy",,FAILED_LOOKUP,FAILED_LOOKUP,,,
Engaged to the Unidentified,0/12,TV,7.85,7.4,"Comedy, Romance, School, Slice of Life, Yuri",,FAILED_LOOKUP,FAILED_LOOKUP,,,
Given The Movie,0/1,Movie,7.84,8.3,"Boys Love, Drama, Music, Romance, Slice of Life",,FAILED_LOOKUP,FAILED_LOOKUP,,,
Undefeated Bahamut Chronicle,0/12,TV,7.83,6.6,"Action, Ecchi, Fantasy, Harem, Mecha, Romance, School, Shounen",,FAILED_LOOKUP,FAILED_LOOKUP,,,
PLUTO,0/8,ONA,7.83,8.7,"Mystery, Sci-Fi, Suspense, Thriller",,FAILED_LOOKUP,FAILED_LOOKUP,,,
I'm Standing on a Million Lives,0/12,TV,7.83,6.6,"Action, Drama, Fantasy, Shounen, Isekai",,FAILED_LOOKUP,FAILED_LOOKUP,,,
"The Tunnel to Summer, the Exit of Goodbyes",0/1,Movie,7.81,7.63,"7.8, Romance, Sci-Fi, Seinen, Supernatural",,FAILED_LOOKUP,FAILED_LOOKUP,,,
Suppose a Kid from the Last Dungeon Boonies moved to a starter town?,0/12,TV,7.79,6.4,"Comedy, Fantasy",,FAILED_LOOKUP,FAILED_LOOKUP,,,
Rage of Bahamut: Genesis,0/12,TV,7.79,7.7,"Action, Adventure, Demons, Fantasy, Supernatural",,FAILED_LOOKUP,FAILED_LOOKUP,,,
Heaven's Lost Property,0/13,TV,7.79,7.5,"Comedy, Ecchi, Harem, Romance, Sci-Fi, Shounen, Supernatural",,FAILED_LOOKUP,FAILED_LOOKUP,,,
Beyond the Boundary,0/12,TV,7.78,7.5,"Fantasy, Slice of Life, Supernatural",,FAILED_LOOKUP,FAILED_LOOKUP,,,
Ranma1/2 (2024) Season 2,0/12,TV,7.77,TBD,"Comedy, Martial Arts, Romance, Slice of Life",[2024+] Upcoming,UNRELEASED,UNRELEASED,Unrated,Unrated,
My Mental Choices Are Completely Interfering With My School Romantic Comedy,0/10,TV,7.77,7.6,"Comedy, Romance, School",,FAILED_LOOKUP,FAILED_LOOKUP,,,
Golden Time,0/24,TV,7.76,7.6,"Comedy, Drama, Romance, Seinen",,FAILED_LOOKUP,FAILED_LOOKUP,,,
Charlotte,0/13,TV,7.75,7.8,"Drama, School, Supernatural",,FAILED_LOOKUP,FAILED_LOOKUP,,,
Farming Life in Another World,0/12,TV,7.74,7.3,"Fantasy, Isekai, Slice of Life",,FAILED_LOOKUP,FAILED_LOOKUP,,,
The King's Avatar,0/12,ONA,7.73,7.9,"Action, Game",,FAILED_LOOKUP,FAILED_LOOKUP,,,
Dusk Maiden of Amnesia,0/12,TV,7.73,7.9,"Horror, Mystery, Romance, School, Shounen, Supernatural",,FAILED_LOOKUP,FAILED_LOOKUP,,,
Fruits Basket (2019),0/25,TV,7.72,7.4,"Comedy, Drama, Romance, Supernatural, Slice of Life",,FAILED_LOOKUP,FAILED_LOOKUP,,,
Aesthetica of a Rogue Hero,0/12,TV,7.72,6.8,"Action, Ecchi, Fantasy, School, Shounen, Supernatural",,FAILED_LOOKUP,FAILED_LOOKUP,,,
Snow White with the Red Hair Season 2,0/12,TV,7.71,8,"Drama, Fantasy, Romance, Shoujo, Slice of Life",,FAILED_LOOKUP,FAILED_LOOKUP,,,
The Reincarnation of the Strongest Exorcist in Another World,0/13,TV,7.7,6.5,"Action, Adventure, Fantasy, Harem, Isekai, Magic",,FAILED_LOOKUP,FAILED_LOOKUP,,,
The Familiar of Zero: Knight of the Twin Moons,0/12,TV,7.7,7.6,"Action, Adventure, Comedy, Ecchi, Fantasy, Harem, Romance",,FAILED_LOOKUP,FAILED_LOOKUP,,,
Engage Kiss,0/13,TV,7.69,7.2,"Comedy, Romance, Supernatural",,FAILED_LOOKUP,FAILED_LOOKUP,,,
Berserk of Gluttony,0/12,TV,7.69,6.4,"Action, Adventure, Fantasy, Isekai",,FAILED_LOOKUP,FAILED_LOOKUP,,,
The Yakuza's Guide to Babysitting,0/12,TV,7.68,7.9,"Comedy, Slice of Life",,FAILED_LOOKUP,FAILED_LOOKUP,,,
The Elusive Samurai,0/12,TV,7.68,7.9,"Comedy, Shounen",,FAILED_LOOKUP,FAILED_LOOKUP,,,
TRIGUN STAMPEDE,0/12,TV,7.68,8,"Action, Adventure, Comedy, Drama, Sci-Fi, Shounen",,FAILED_LOOKUP,FAILED_LOOKUP,,,
TONIKAWA: Over The Moon For You Season 2,0/12,TV,7.68,8.1,"Comedy, Romance",,FAILED_LOOKUP,FAILED_LOOKUP,,,
No Longer Allowed in Another World,0/12,TV,7.68,7.2,"Adventure, Comedy, Fantasy, Isekai",,FAILED_LOOKUP,FAILED_LOOKUP,,,
High School Prodigies Have It Easy Even In Another World,0/12,TV,7.68,6.4,"Fantasy, Isekai",,https://myanimelist.net/anime/39523/Choujin_Koukousei-tachi_wa_Isekai_demo_Yoyuu_de_Ikinuku_you_desu,https://anilist.co/anime/108388/Choujin-Koukouseitachi-wa-Isekai-demo-Yoyuu-de-Ikinuku-you-desu,6.36,6.1,6.23
Girls und Panzer,0/12,TV,7.68,7.6,"Action, Military, School, Sports",,FAILED_LOOKUP,FAILED_LOOKUP,,,
Failure Frame: I Became the Strongest and Annihilated Everything with Low-Level Spells,0/12,TV,7.68,6.4,"Action, Adventure, Fantasy, Harem, Isekai",,FAILED_LOOKUP,FAILED_LOOKUP,,,
Full Dive: This Ultimate Next-Gen Full Dive RPG Is Even Shittier than Real Life!,0/12,TV,7.67,6.6,"Action, Comedy, Fantasy, Game",,FAILED_LOOKUP,FAILED_LOOKUP,,,
Zom 100: Bucket List of the Dead,0/12,TV,7.66,7.7,"Action, Comedy, Horror, Supernatural, Survival",,FAILED_LOOKUP,FAILED_LOOKUP,,,
Stars Align,0/12,TV,7.66,7.7,"Drama, School, Slice of Life, Sports, Boys Love",,FAILED_LOOKUP,FAILED_LOOKUP,,,
Parallel World Pharmacy,0/12,TV,7.66,7.3,"Fantasy, Isekai",,FAILED_LOOKUP,FAILED_LOOKUP,,,
The World God Only Knows II,0/12,TV,7.65,8.1,"Comedy, Harem, Romance, Shounen, Supernatural",,FAILED_LOOKUP,FAILED_LOOKUP,,,
The Quintessential Quintuplets,0/12,TV,7.65,7.7,"Comedy, Harem, Romance, School, Shounen",,FAILED_LOOKUP,FAILED_LOOKUP,,,
Record of Grancrest War,0/24,TV,7.65,7.4,"Action, Drama, Fantasy",,FAILED_LOOKUP,FAILED_LOOKUP,,,
Pseudo Harem,0/12,TV,7.64,7.5,"Romance, School, Shounen",,FAILED_LOOKUP,FAILED_LOOKUP,,,
KamiKatsu: Working for God in a Godless World,0/12,TV,7.64,6.4,"Action, Comedy, Fantasy, Isekai",,FAILED_LOOKUP,FAILED_LOOKUP,,,
The Troubled Life of Miss Kotoura,0/12,TV,7.63,7.3,"Comedy, Drama, Romance, School",,FAILED_LOOKUP,FAILED_LOOKUP,,,
The Familiar of Zero: Rondo of Princesses,0/12,TV,7.62,7.5,"Action, Adventure, Comedy, Ecchi, Fantasy, Romance, School",,FAILED_LOOKUP,https://anilist.co/anime/14467,,,
The Familiar of Zero F,0/12,TV,7.62,7.7,"Adventure, Comedy, Ecchi, Fantasy, Magic, Romance, School",,FAILED_LOOKUP,FAILED_LOOKUP,,,
Sasaki and Miyano,0/12,TV,7.62,8.4,"Boys Love, Slice of Life, Romance, School",,FAILED_LOOKUP,FAILED_LOOKUP,,,
Ron Kamonohashi's Forbidden Deductions Season 2,0/13,TV,7.62,TBD,"Mystery, Shounen",[2024+] Upcoming,UNRELEASED,UNRELEASED,Unrated,Unrated,
Mushoku Tensei: Jobless Reincarnation Cour 2 - Eris the Goblin Slayer,0/1,Special,7.62,8.2,"Adventure, Drama, Fantasy, Ecchi, Magic, Isekai",,FAILED_LOOKUP,FAILED_LOOKUP,,,
Masamune-kun's Revenge R,0/12,TV,7.62,7,"Comedy, Harem, Romance, School, Shounen",,FAILED_LOOKUP,FAILED_LOOKUP,,,
Blood Blockade Battlefront,0/12,TV,7.62,7.7,"Action, Comedy, Fantasy, Supernatural, Vampire",,FAILED_LOOKUP,FAILED_LOOKUP,,,
World's End Harem,0/11,TV,7.61,6.1,"Drama, Ecchi, Harem, Sci-Fi, Seinen",,FAILED_LOOKUP,FAILED_LOOKUP,,,
The Kingdoms of Ruin,0/12,TV,7.61,6,"Action, Adventure, Drama, Fantasy, Magic, Sci-Fi, Shounen",,FAILED_LOOKUP,FAILED_LOOKUP,,,
Restaurant to Another World,0/12,TV,7.6,7.4,"Fantasy, Gourmet, Isekai, Slice of Life",,FAILED_LOOKUP,FAILED_LOOKUP,,,
Harem in the Labyrinth of Another World,0/12,TV,7.6,6.6,"Action, Adventure, Ecchi, Fantasy, Harem, Isekai",,FAILED_LOOKUP,FAILED_LOOKUP,,,
Brynhildr in the Darkness,0/13,TV,7.6,7,"Drama, Fantasy, Mystery, Romance, Sci-Fi, Seinen",,FAILED_LOOKUP,FAILED_LOOKUP,,,
Tales of Zestiria the X,0/13,TV,7.59,7.4,"Action, Adventure, Fantasy, Magic",,FAILED_LOOKUP,FAILED_LOOKUP,,,
PSYCHO-PASS 3,0/8,TV,7.59,7.5,"Action, Mystery, Police, Sci-Fi, Thriller",,FAILED_LOOKUP,FAILED_LOOKUP,,,
Our Dating Story: The Experienced You and The Inexperienced Me,0/12,TV,7.59,7.4,"Romance, School",,FAILED_LOOKUP,FAILED_LOOKUP,,,
By the Grace of the Gods,0/12,TV,7.58,6.9,"Adventure, Fantasy, Isekai, Slice of Life",,FAILED_LOOKUP,FAILED_LOOKUP,,,
?OSHI NO KO?Season 3,0/11,TV,7.58,TBD,"Drama, Reincarnation, Supernatural, Seinen",[2024+] Upcoming 2025,UNRELEASED,UNRELEASED,Unrated,Unrated,
ZENSHU,0/12,TV,7.57,TBD,"Romance, Slice of Life, Supernatural",[2024+] Winter 2025,FAILED_LOOKUP,FAILED_LOOKUP,,,
Akebi's Sailor Uniform,0/12,TV,7.57,7.6,"Slice of Life, School",,FAILED_LOOKUP,FAILED_LOOKUP,,,
Wotaku ni Koi wa Muzukashii OVA,0/3,OVA,7.56,8.1,"Comedy, Romance, Slice of Life",,FAILED_LOOKUP,FAILED_LOOKUP,,,
OniAi,0/12,TV,7.56,6.7,"Comedy, Ecchi, Harem, Romance, School",,FAILED_LOOKUP,FAILED_LOOKUP,,,
Knight's & Magic,0/13,TV,7.56,7.3,"Action, Fantasy, Magic, Mecha, School",,FAILED_LOOKUP,FAILED_LOOKUP,,,
Grimoire of Zero,0/12,TV,7.56,7.2,"Action, Adventure, Fantasy, Magic",,FAILED_LOOKUP,FAILED_LOOKUP,,,
Ben-To,0/12,TV,7.56,7.3,"Action, Comedy, Martial Arts, School",,FAILED_LOOKUP,FAILED_LOOKUP,,,
Beast Tamer,0/13,TV,7.56,6,"Action, Adventure, Comedy, Fantasy, Harem",,FAILED_LOOKUP,FAILED_LOOKUP,,,
The World God Only Knows: Goddesses,0/12,TV,7.55,8.1,"Comedy, Harem, Romance, Supernatural",,FAILED_LOOKUP,FAILED_LOOKUP,,,
The Pet Girl of Sakurasou,0/24,TV,7.55,7.6,"Comedy, Drama, Romance, School, Slice of Life",,FAILED_LOOKUP,FAILED_LOOKUP,,,
The Founder of Diabolism,0/15,ONA,7.55,8.8,"Action, Adventure, Boys Love, Comedy, Drama, Historical, Martial Arts, Supernatural, Xianxia",,FAILED_LOOKUP,FAILED_LOOKUP,,,
The Executioner and Her Way of Life,0/12,TV,7.55,6.5,"Action, Fantasy, Girls Love, Magic",,FAILED_LOOKUP,FAILED_LOOKUP,,,
Handyman Saitou in Another World,0/12,TV,7.55,7.3,"Adventure, Comedy, Fantasy, Isekai",,FAILED_LOOKUP,FAILED_LOOKUP,,,
Akiba Maid War,0/12,TV,7.55,7.9,"Action, Comedy, Drama",,FAILED_LOOKUP,FAILED_LOOKUP,,,
"The Fruit of Evolution: Before I Knew It, My Life Had It Made",0/12,TV,7.53,6.59,"6.7, Adventure, Comedy, Fantasy, Harem",,FAILED_LOOKUP,FAILED_LOOKUP,,,
PSYCHO-PASS: The Movie,0/1,Movie,7.53,7.8,"Action, Mystery, Police, Sci-Fi, Thriller",,FAILED_LOOKUP,FAILED_LOOKUP,,,
Shomin Sample,0/12,TV,7.51,7.4,"Comedy, Harem, Romance, School, Shounen",,FAILED_LOOKUP,FAILED_LOOKUP,,,
K: RETURN OF KINGS,0/13,TV,7.51,7.7,"Action, Magic, Supernatural",,FAILED_LOOKUP,FAILED_LOOKUP,,,
My Instant Death Ability is Overpowered,0/12,TV,7.5,7.4,"Adventure, Comedy, Fantasy, Isekai",,FAILED_LOOKUP,FAILED_LOOKUP,,,
Seirei Gensouki: Spirit Chronicles Season 2,0/12,TV,7.49,7.1,"Action, Adventure, Fantasy, Harem, Isekai, Romance",,FAILED_LOOKUP,FAILED_LOOKUP,,,
"I'm the Villainess, So I'm Taming the Final Boss",0/12,TV,7.49,7.85,"7.9, Comedy, Fantasy, Isekai, Romance, Shoujo, Villainess",,FAILED_LOOKUP,FAILED_LOOKUP,,,
Dimension W,0/12,TV,7.49,6.9,"Action, Sci-Fi, Seinen, Supernatural",,FAILED_LOOKUP,FAILED_LOOKUP,,,
RADIANT,0/21,TV,7.48,6.9,"Action, Adventure, Comedy, Fantasy, Magic, Shounen",,FAILED_LOOKUP,FAILED_LOOKUP,,,
Masamune-kun's Revenge,0/12,TV,7.48,7.5,"Comedy, Harem, Romance, School, Shounen",,FAILED_LOOKUP,FAILED_LOOKUP,,,
Darker than Black: Gemini of the Meteor,0/12,TV,7.48,7.5,"Action, Mystery, Sci-Fi, Supernatural",,FAILED_LOOKUP,FAILED_LOOKUP,,,
Blue Exorcist,0/25,TV,7.48,7.6,"Action, Demons, Fantasy, Shounen, Supernatural",,FAILED_LOOKUP,FAILED_LOOKUP,,,
Why Raeliana Ended Up at the Duke's Mansion,0/12,TV,7.47,7.5,"Fantasy, Romance, Isekai",,FAILED_LOOKUP,FAILED_LOOKUP,,,
Undead Murder Farce,0/13,TV,7.46,7.9,"Fantasy, Mystery, Supernatural",,FAILED_LOOKUP,FAILED_LOOKUP,,,
The Witch and the Beast,0/12,TV,7.46,7.9,"Action, Adventure, Drama, Fantasy, Seinen",,FAILED_LOOKUP,FAILED_LOOKUP,,,
The Qwaser of Stigmata,0/24,TV,7.46,6.5,"Action, Ecchi, Seinen, Supernatural",,FAILED_LOOKUP,FAILED_LOOKUP,,,
Seiren,0/12,TV,7.46,6.4,"Comedy, Romance, School",,FAILED_LOOKUP,FAILED_LOOKUP,,,
Ningen Fushin: Adventurers Who Don't Believe in Humanity Will Save the World,0/12,ONA,7.46,7,"Action, Adventure, Fantasy",,FAILED_LOOKUP,FAILED_LOOKUP,,,
Majikoi: Oh! Samurai Girls,0/12,TV,7.46,7,"Action, Comedy, Martial Arts, School, Harem",,FAILED_LOOKUP,FAILED_LOOKUP,,,
Love is Like a Cocktail,0/13,TV Short,7.45,7.1,"Comedy, Romance, Slice of Life",,FAILED_LOOKUP,FAILED_LOOKUP,,,
TONIKAWA: Over The Moon For You ~SNS~,0/1,OVA,7.44,7.9,"Comedy, Romance, Slice of Life",,FAILED_LOOKUP,FAILED_LOOKUP,,,
A Galaxy Next Door,0/12,TV,7.44,7.5,"Romance, Slice of Life, Supernatural",,FAILED_LOOKUP,FAILED_LOOKUP,,,
When Will Ayumu Make His Move?,0/12,TV,7.42,7.3,"Comedy, Romance, School, Slice of Life, Shounen",,FAILED_LOOKUP,FAILED_LOOKUP,,,
Peach Boy Riverside,0/12,TV,7.42,6.8,"Fantasy, Horror, Mystery, Shounen",,FAILED_LOOKUP,FAILED_LOOKUP,,,
Life With an Ordinary Guy Who Reincarnated Into a Total Fantasy Knockout,0/12,TV,7.42,7.1,"Adventure, Comedy, Fantasy, Isekai, Romance",,FAILED_LOOKUP,FAILED_LOOKUP,,,
Date A Live,0/12,TV,7.42,7.4,"Comedy, Harem, Mecha, Romance, School, Sci-Fi",,FAILED_LOOKUP,FAILED_LOOKUP,,,
TRIGUN STARGAZE,0/12,TV,7.41,TBD,"Action, Sci-Fi, Shounen",[2024+] Upcoming 2026?,UNRELEASED,UNRELEASED,Unrated,Unrated,
UQ Holder!,0/12,TV,7.4,7.2,"Action, Fantasy, Magic, Sci-Fi, Shounen, Supernatural",,FAILED_LOOKUP,FAILED_LOOKUP,,,
The Legend of the Legendary Heroes,0/24,TV,7.4,7.6,"Action, Adventure, Fantasy, Magic",,FAILED_LOOKUP,FAILED_LOOKUP,,,
Rurouni Kenshin (2023),0/24,TV,7.4,7.7,"Action, Comedy, Drama, Historical, Romance, Samurai",,FAILED_LOOKUP,FAILED_LOOKUP,,,
Chillin' in My 30s after Getting Fired from the Demon King's Army,0/12,TV,7.4,7.3,"Fantasy, Slice of Life",,FAILED_LOOKUP,FAILED_LOOKUP,,,
Seitokai Yakuindomo Season 2,0/13,TV,7.39,7.7,"Comedy, School, Shounen, Slice of Life",,FAILED_LOOKUP,FAILED_LOOKUP,,,
Infinite Dendrogram,0/13,TV,7.39,6.5,"Action, Fantasy, Game, Sci-Fi",,FAILED_LOOKUP,FAILED_LOOKUP,,,
Ron Kamonohashi's Forbidden Deductions,0/13,TV,7.38,7.5,"Mystery, Shounen",,FAILED_LOOKUP,FAILED_LOOKUP,,,
Kingdom,0/38,TV,7.38,8,"Action, Historical, Military, Seinen, War",,FAILED_LOOKUP,FAILED_LOOKUP,,,
Hitori no Shita - The Outcast,0/12,TV,7.38,6.6,"Action, Supernatural",,FAILED_LOOKUP,FAILED_LOOKUP,,,
K: MISSING KINGS,0/1,Movie,7.37,7.7,"Action, Magic, Supernatural",,FAILED_LOOKUP,FAILED_LOOKUP,,,
Honey Lemon Soda,0/12,TV,7.37,7.5,"Romance, School, Shoujo",,FAILED_LOOKUP,FAILED_LOOKUP,,,
Can a Boy-Girl Friendship Survive?,0/12,TV,7.37,7.4,"Comedy, Romance",,FAILED_LOOKUP,FAILED_LOOKUP,,,
Magical Warfare,0/12,TV,7.36,6.1,"Action, Fantasy, Magic",,FAILED_LOOKUP,FAILED_LOOKUP,,,
Love Lab,0/13,TV,7.36,7.5,"Comedy, Romance, School, Slice of Life",,FAILED_LOOKUP,FAILED_LOOKUP,,,
You are Ms. Servant,0/12,TV,7.35,7.4,"Comedy, Romance",,FAILED_LOOKUP,FAILED_LOOKUP,,,
The Foolish Angel Dances with the Devil,0/12,TV,7.35,7.2,"Comedy, Fantasy, Romance, Supernatural",,FAILED_LOOKUP,FAILED_LOOKUP,,,
Heaven's Lost Property: Forte,0/12,TV,7.34,7.7,"Comedy, Ecchi, Harem, Romance, Sci-Fi, Shounen, Supernatural",,FAILED_LOOKUP,FAILED_LOOKUP,,,
SSSS.DYNAZENON,0/12,TV,7.33,7.6,"Action, Mecha, Sci-Fi",,FAILED_LOOKUP,FAILED_LOOKUP,,,
Kakuriyo -Bed & Breakfast for Spirits-,0/26,TV,7.33,7.6,"Demons, Fantasy, Slice of Life, Supernatural",,FAILED_LOOKUP,FAILED_LOOKUP,,,
I've Somehow Gotten Stronger When I Improved My Farm-Related Skills,0/12,TV,7.33,6.7,"Action, Adventure, Comedy, Fantasy",,FAILED_LOOKUP,FAILED_LOOKUP,,,
Tawawa on Monday,0/12,ONA,7.32,7.1,"Comedy, Romance, Slice of Life",,FAILED_LOOKUP,FAILED_LOOKUP,,,
Kabaneri of the Iron Fortress: The Battle of Unato,0/1,Movie,7.32,7.8,"Action, Drama, Fantasy, Horror, Supernatural",,FAILED_LOOKUP,FAILED_LOOKUP,,,
I Have a Crush at Work,0/12,TV,7.32,7.4,"Romance, Slice of Life, Adult Cast",,FAILED_LOOKUP,FAILED_LOOKUP,,,
Granblue Fantasy: The Animation,0/13,TV,7.32,6.7,"Adventure, Fantasy",,FAILED_LOOKUP,FAILED_LOOKUP,,,
The Ones Within,0/12,TV,7.31,7,"Game, Mystery, Psychological",,FAILED_LOOKUP,FAILED_LOOKUP,,,
My Tiny Senpai,0/12,TV,7.31,7.5,"Comedy, Romance, Slice of Life",,FAILED_LOOKUP,FAILED_LOOKUP,,,
Medaka Kuroiwa is Impervious to My Charms,0/12,TV,7.31,7.4,"Comedy, Romance, School",,FAILED_LOOKUP,FAILED_LOOKUP,,,
Kubikiri Cycle: The Blue Savant and the Nonsense User,0/8,OVA,7.3,8,"Mystery, Supernatural",,FAILED_LOOKUP,FAILED_LOOKUP,,,
Made in Abyss: Wandering Twilight,0/1,Movie,7.29,8.2,"Adventure, Drama, Fantasy, Mystery, Sci-Fi, Seinen",,FAILED_LOOKUP,FAILED_LOOKUP,,,
Campfire Cooking in Another World with my Absurd Skill Season 2,0/12,TV,7.29,7.6,"Adventure, Fantasy, Gourmet",,FAILED_LOOKUP,FAILED_LOOKUP,,,
Spice and Wolf II: Wolf and the Amber Melancholy,0/1,OVA,7.28,8.1,"Adventure, Fantasy, Romance, Supernatural",,FAILED_LOOKUP,FAILED_LOOKUP,,,
Princess Lover!,0/12,TV,7.28,6.9,"Comedy, Ecchi, Harem, Romance, School, Supernatural",,FAILED_LOOKUP,FAILED_LOOKUP,,,
Helck,0/24,TV,7.28,7.5,"Action, Adventure, Comedy, Demons, Fantasy",,FAILED_LOOKUP,FAILED_LOOKUP,,,
TenPuru,0/12,TV,7.27,6.7,"Comedy, Ecchi, Harem, Romance, Slice of Life",,FAILED_LOOKUP,FAILED_LOOKUP,,,
RWBY: Ice Queendom,0/12,TV,7.27,6.4,"Action, Fantasy, Mahou Shoujo, Sci-Fi",,FAILED_LOOKUP,FAILED_LOOKUP,,,
I'm Giving the Disgraced Noble Lady I Rescued a Crash Course in Naughtiness,0/12,TV,7.27,7.7,"Comedy, Ecchi, Fantasy, Romance, Shoujo, Yuri",,FAILED_LOOKUP,FAILED_LOOKUP,,,
"Girlfriend, Girlfriend",0/12,TV,7.26,6.89,"7, Comedy, Harem, Romance, School, Shounen",,FAILED_LOOKUP,FAILED_LOOKUP,,,
ORIENT,0/12,TV,7.25,6.7,"Action, Fantasy, Shounen, Supernatural, Samurai",,FAILED_LOOKUP,FAILED_LOOKUP,,,
You and I Are Polar Opposites,0/12,TV,7.24,7.2,"Romance, School",,FAILED_LOOKUP,FAILED_LOOKUP,,,
Yona of the Dawn OVA,0/3,OVA,7.24,8.2,"Action, Adventure, Comedy, Fantasy, Romance, Shoujo",,FAILED_LOOKUP,FAILED_LOOKUP,,,
Made in Abyss: Journey's Dawn,0/1,Movie,7.24,8.2,"Adventure, Drama, Fantasy, Mystery, Sci-Fi, Seinen",,FAILED_LOOKUP,FAILED_LOOKUP,,,
The Moment You Fall in Love,0/1,Movie,7.23,7.3,"Romance, School",,FAILED_LOOKUP,FAILED_LOOKUP,,,
TONIKAWA: Over The Moon For You ~Uniform~,0/1,Special,7.23,7.9,"Comedy, Romance, Slice of Life",,FAILED_LOOKUP,FAILED_LOOKUP,,,
Recovery of an MMO Junkie OVA,0/1,OVA,7.23,7.3,"Comedy, Game, Romance, Slice of Life",,FAILED_LOOKUP,FAILED_LOOKUP,,,
Dawang Raoming,0/12,ONA,7.23,7,"Action, Fantasy",,FAILED_LOOKUP,FAILED_LOOKUP,,,
The Prince of Tennis,0/178,TV,7.22,7.9,"Action, Comedy, School, Shounen, Sports",,FAILED_LOOKUP,FAILED_LOOKUP,,,
Blue Orchestra Season 2,0/21,TV,7.22,TBD,"Music, School, Slice of Life",[2024+] Upcoming,UNRELEASED,UNRELEASED,Unrated,Unrated,
the Garden of sinners -recalled out summer-,0/1,Movie,7.21,7.5,"Mystery, Supernatural, Drama, Romance, Thriller",,FAILED_LOOKUP,FAILED_LOOKUP,,,
Tokidoki Bosotto Russiago de Dereru Tonari no Alya-san Season 2,0,TV,7.2,TBD,"Comedy, Romance, School","""""Tokidoki Bosotto Russiago de Dereru Tonari no Alya-san Season 2""""",FAILED_LOOKUP,FAILED_LOOKUP,,,
The Sacred Blacksmith,0/12,TV,7.2,6.8,"Action, Adventure, Fantasy",,FAILED_LOOKUP,FAILED_LOOKUP,,,
Sweet Reincarnation,0/12,ONA,7.2,6.3,"Fantasy, Gourmet, Isekai",,FAILED_LOOKUP,FAILED_LOOKUP,,,
Sound! Euphonium 3,0/13,TV,7.2,TBD,"Drama, Music, School, Hibike! Euphonium 3",[2024+] 2024,FAILED_LOOKUP,FAILED_LOOKUP,,,
PSYCHO-PASS: Sinners of the System 1 - Crime and Punishment,0/1,Movie,7.2,7.7,"Action, Mystery, Police, Psychological, Sci-Fi",,FAILED_LOOKUP,FAILED_LOOKUP,,,
Kaguya-sama: Love Is War -Stairway to Adulthood-,0/2,Special,7.2,8.5,"Comedy, Psychological, Romance",,FAILED_LOOKUP,FAILED_LOOKUP,,,
Love Live! Nijigasaki High School Idol Club,0/13,TV,7.19,7.3,"Music, School, Slice of Life, Idols",,FAILED_LOOKUP,FAILED_LOOKUP,,,
La Storia Della Arcana Famiglia,0/12,TV,7.19,6.3,"Action, Harem, Romance, Shoujo",,FAILED_LOOKUP,FAILED_LOOKUP,,,
LAZARUS,0/13,TV,7.19,TBD,"Action, Sci-Fi",[2024+] Upcoming 2025,UNRELEASED,UNRELEASED,Unrated,Unrated,
Code Geass: Rozé of the Recapture,0/12,ONA,7.19,7.2,"Action, Drama, Mecha, Military, Sci-Fi",,FAILED_LOOKUP,FAILED_LOOKUP,,,
A Good Librarian Like a Good Shepherd,0/12,TV,7.19,6.6,"Comedy, Harem, Romance, School",,FAILED_LOOKUP,FAILED_LOOKUP,,,
Tearmoon Empire,0/12,TV,7.18,7.4,"Comedy, Drama, Fantasy, Romance",,FAILED_LOOKUP,FAILED_LOOKUP,,,
PSYCHO-PASS: Sinners of the System 2 - First Guardian,0/1,Movie,7.18,7.8,"Action, Mystery, Police, Psychological",,FAILED_LOOKUP,FAILED_LOOKUP,,,
PSYCHO-PASS 3: First Inspector,0/3,ONA,7.16,7.6,"Action, Mystery, Police, Psychological, Sci-Fi, Thriller",,FAILED_LOOKUP,FAILED_LOOKUP,,,
Migi&Dali,0/13,TV,7.16,7.9,"Comedy, Mystery, Slice of Life, Suspense",,FAILED_LOOKUP,FAILED_LOOKUP,,,
given: on the other hand,0/1,OVA,7.14,7.9,"Boys Love, Drama, Romance",,FAILED_LOOKUP,FAILED_LOOKUP,,,
RADIANT Season 2,0/21,TV,7.12,7.2,"Action, Adventure, Comedy, Fantasy, Shounen",,FAILED_LOOKUP,FAILED_LOOKUP,,,
Haven't You Heard? I'm Sakamoto: Haven't You Heard? I was Sakamoto,0/1,OVA,7.11,7.6,"Comedy, School, Seinen, Slice of Life",,FAILED_LOOKUP,FAILED_LOOKUP,,,
Darker than Black: Beneath Cherry Blossoms in Full Bloom,0/1,Special,7.11,7.6,"Action, Comedy, Mystery, Sci-Fi, Supernatural",,FAILED_LOOKUP,FAILED_LOOKUP,,,
ATRI -My Dear Moments-,0/13,TV,7.11,7.8,"Drama, Romance, Sci-Fi, Visual Novel",,FAILED_LOOKUP,FAILED_LOOKUP,,,
Isekai Quartet The Movie: Another World,0/1,Movie,7.1,7.3,"Comedy, Fantasy, Isekai, Parody",,FAILED_LOOKUP,FAILED_LOOKUP,,,
Flower and Asura,0/12,TV,7.10,TBD,"Sports, Hana wa Saku, Shura no Gotoku",[2024+] Upcoming,UNRELEASED,UNRELEASED,Unrated,Unrated,
Code Geass: Lelouch of the Rebellion III - Glorification,0/1,Movie,7.1,8.1,"Action, Drama, Mecha, Military, Sci-Fi, Super Power",,FAILED_LOOKUP,FAILED_LOOKUP,,,
Blue Archive The Animation,0/12,TV,7.1,7.1,"Action, Fantasy, School",,FAILED_LOOKUP,FAILED_LOOKUP,,,
Beheneko: The Elf-Girl's Cat is Secretly an S-Ranked Monster!,0/12,TV,7.1,6.8,"Comedy, Fantasy, Slice of Life",,FAILED_LOOKUP,FAILED_LOOKUP,,,
Shigurui: Death Frenzy,0/12,TV,7.09,7,"Action, Drama, Historical, Martial Arts, Seinen",,FAILED_LOOKUP,FAILED_LOOKUP,,,
Heaven's Lost Property the Movie: The Angeloid of Clockwork,0/1,Movie,7.09,7.6,"Comedy, Ecchi, Romance, Sci-Fi, Shounen, Supernatural",,FAILED_LOOKUP,FAILED_LOOKUP,,,
TONIKAWA: Over The Moon For You ~High School Days~,0/4,ONA,7.06,8,"Comedy, Romance, Slice of Life",,FAILED_LOOKUP,FAILED_LOOKUP,,,
Kingdom Season 2,0/39,TV,7.06,8.3,"Action, Historical, Military, Seinen, War",,FAILED_LOOKUP,FAILED_LOOKUP,,,
Sentenced to Be a Hero,0/12,TV,7.01,TBD,"Action, Fantasy",[2024+] Aired 2025,FAILED_LOOKUP,FAILED_LOOKUP,,,
The Red Ranger Becomes an Adventurer in Another World,0/12,TV,7,7,"Action, Adventure, Comedy, Fantasy, Isekai, Mecha",,FAILED_LOOKUP,FAILED_LOOKUP,,,
A Ninja and an Assassin Under One Roof,0/12,TV,7,6.7,"Comedy, Slice of Life",,FAILED_LOOKUP,FAILED_LOOKUP,,,
Aishen Qiaokeli-ING...,0/15,ONA,6.99,6.3,"Comedy, Harem, Romance, School",,FAILED_LOOKUP,FAILED_LOOKUP,,,
The Silver Guardian,0/12,TV,6.98,6.1,"Action, Adventure, Comedy, Fantasy, Game, Romance",,FAILED_LOOKUP,FAILED_LOOKUP,,,
Code Geass: Akito the Exiled - The Brightness Falls,0/1,Movie,6.97,7.5,"Action, Mecha, Military, Sci-Fi",,FAILED_LOOKUP,FAILED_LOOKUP,,,
Lycoris Recoil -Friends are thieves of time.-,0/6,ONA,6.96,7.4,"Action, Slice of Life",,FAILED_LOOKUP,FAILED_LOOKUP,,,
Code Geass: Lelouch of the Rebellion II - Transgression,0/1,Movie,6.96,7.9,"Action, Drama, Mecha, Military",,FAILED_LOOKUP,FAILED_LOOKUP,,,
Made in Abyss: Mezameru Shinpi,0/1,Movie,6.93,7.2,"Adventure, Drama, Fantasy, Mystery",,FAILED_LOOKUP,FAILED_LOOKUP,,,
Blue Orchestra,0/24,TV,6.93,7.7,"Music, School, Slice of Life",,FAILED_LOOKUP,FAILED_LOOKUP,,,
"There was a Cute Girl in the Hero's Party, so I Tried Confessing to Her",0/13,TV,6.92,7.2,"7.4, Adventure, Comedy, Fantasy, Romance",,FAILED_LOOKUP,FAILED_LOOKUP,,,
Kingdom Season 3,0/26,TV,6.91,8.2,"Action, Historical, Military, Seinen, War",,FAILED_LOOKUP,FAILED_LOOKUP,,,
Hakumei and Mikochi,0/12,TV,6.91,7.8,"Adventure, Fantasy, Slice of Life",,FAILED_LOOKUP,FAILED_LOOKUP,,,
Code Geass: Akito the Exiled - Memories of Hatred,0/1,Movie,6.9,7.4,"Action, Mecha, Military, Sci-Fi",,FAILED_LOOKUP,FAILED_LOOKUP,,,
Sasaki and Miyano: Graduation,0/1,Movie,6.89,8.2,"Boys Love, Romance, School",,FAILED_LOOKUP,FAILED_LOOKUP,,,
Moonrise,0/18,ONA,6.89,7.8,"Action, Sci-Fi, Space, Thriller",,FAILED_LOOKUP,FAILED_LOOKUP,,,
Hortensia SAGA,0/12,TV,6.88,5.9,"Action, Drama, Fantasy, Magic",,FAILED_LOOKUP,FAILED_LOOKUP,,,
Code Geass: Akito the Exiled - To Beloved Ones,0/1,Movie,6.88,7.6,"Action, Mecha, Military, Sci-Fi",,FAILED_LOOKUP,FAILED_LOOKUP,,,
Tales of the Abyss,0/26,TV,6.86,7.9,"Adventure, Drama, Fantasy, Magic",,FAILED_LOOKUP,FAILED_LOOKUP,,,
"Snow White with the Red Hair: Nandemonai Takaramono, Kono Page",0/1,Special,6.82,7.9,"Drama, Fantasy, Romance, Shoujo",,FAILED_LOOKUP,FAILED_LOOKUP,,,
Heroic Age,0/26,TV,6.79,7.4,"Action, Mecha, Military, Sci-Fi, Space",,FAILED_LOOKUP,FAILED_LOOKUP,,,
Heaven's Lost Property Final - The Movie: Eternally My Master,0/1,Movie,6.79,7.7,"Comedy, Ecchi, Romance, Sci-Fi, Shounen, Supernatural",,FAILED_LOOKUP,FAILED_LOOKUP,,,
Disney Twisted-Wonderland: THE ANIMATION - Season 1,0/8,ONA,6.79,6.5,"Fantasy, Game, Isekai, School, Josei",,FAILED_LOOKUP,FAILED_LOOKUP,,,
Dusk Maiden of Amnesia: Ghost Girl,0/1,OVA,6.78,7.7,"Horror, Romance, School, Shounen, Supernatural",,FAILED_LOOKUP,FAILED_LOOKUP,,,
Betrothed to My Sister's Ex,0/12,TV,6.76,7,"Comedy, Romance",,FAILED_LOOKUP,FAILED_LOOKUP,,,
PSYCHO-PASS: Providence,0/1,Movie,6.74,7.8,"Action, Mystery, Police, Sci-Fi, Suspense",,FAILED_LOOKUP,FAILED_LOOKUP,,,
ODDTAXI In The Woods,0/1,Movie,6.73,7.9,"Mystery, Drama, Slice of Life",,FAILED_LOOKUP,FAILED_LOOKUP,,,
given The Movie: Hiiragi Mix,0/1,Movie,6.71,8.2,"Boys Love, Drama, Music, Kingdom Season 4, 0/26, TV, 7.83, 8, Action, Historical, Military, Seinen, War",,FAILED_LOOKUP,FAILED_LOOKUP,,,
Love Live! Nijigasaki High School Idol Club Season 2,0/13,TV,6.71,7.5,"Music, School, Slice of Life, Idols",,FAILED_LOOKUP,FAILED_LOOKUP,,,
Zombie Land Saga: Yumeginga Paradise,0/1,Movie,6.7,7.5,"Comedy, Music, Supernatural, Idols",,FAILED_LOOKUP,FAILED_LOOKUP,,,
A Day Before Us,0/10,ONA,6.61,7.5,"Romance, Slice of Life",,FAILED_LOOKUP,FAILED_LOOKUP,,,
Isekai de Cheat Skill wo Te ni Shita Ore wa...,0/1,Special,6.6,6.5,"Action, Fantasy, Isekai",,FAILED_LOOKUP,FAILED_LOOKUP,,,
Kabaneri of the Iron Fortress: Life That Burns,0/1,Movie,6.58,7.4,"Action, Drama, Fantasy, Horror, Supernatural",,FAILED_LOOKUP,FAILED_LOOKUP,,,
Daemons of the Shadow Realm,0,TV,6.58,6.9,"Action, Adventure, Fantasy, Supernatural",,FAILED_LOOKUP,FAILED_LOOKUP,,,
Sacred Seven,0/12,TV,6.56,6.4,"Action, Sci-Fi, Super Power",,FAILED_LOOKUP,FAILED_LOOKUP,,,
The Silver Guardian 2,0/6,TV,6.53,6.6,"Action, Adventure, Comedy, Fantasy, Game, Romance",,FAILED_LOOKUP,FAILED_LOOKUP,,,
The Beginning After the End Season 2,0/12,TV,6.53,TBD,"Action, Adventure, Fantasy, Isekai, Reincarnation",[2024+] Upcoming,UNRELEASED,UNRELEASED,Unrated,Unrated,
Blood Blockade Battlefront: King of Kings,0/1,OVA,6.53,7.4,"Action, Comedy, Fantasy, Supernatural",,FAILED_LOOKUP,FAILED_LOOKUP,,,
Sasaki and Miyano: A Tiny Episode,0/1,OVA,6.52,7.8,"Boys Love, Romance, School",,FAILED_LOOKUP,FAILED_LOOKUP,,,
Kabaneri of the Iron Fortress: Light That Gathers,0/1,Movie,6.51,7.2,"Action, Drama, Fantasy, Horror, Supernatural",,FAILED_LOOKUP,FAILED_LOOKUP,,,
Yingxiong Zailin,0/12,ONA,6.5,7.5,"Action, Adventure, Fantasy",,FAILED_LOOKUP,FAILED_LOOKUP,,,
Kingdom Season 5,0/13,TV,6.5,8.1,"Action, Historical, Military, Seinen, War",,FAILED_LOOKUP,FAILED_LOOKUP,,,
Malevolent Spirits: Mononogatari Cour 2,0/12,TV,6.48,7.4,"Action, Fantasy, Historical, Mythology, Supernatural",,FAILED_LOOKUP,FAILED_LOOKUP,,,
Blood Blockade Battlefront & Beyond OVA,0/1,OVA,6.47,7.5,"Action, Comedy, Fantasy, Supernatural",,FAILED_LOOKUP,FAILED_LOOKUP,,,
April Showers Bring May Flowers,0/13,TV,6.46,7.1,"Comedy, School, Slice of Life",,FAILED_LOOKUP,FAILED_LOOKUP,,,
Touring After the Apocalypse,0/12,TV,6.45,7.2,"Adventure, Sci-Fi, Slice of Life",,FAILED_LOOKUP,FAILED_LOOKUP,,,
given The Movie: To the Sea,0/1,Movie,6.43,8.2,"Boys Love, Drama, Music, Romance",,FAILED_LOOKUP,FAILED_LOOKUP,,,
Dawang Raoming 2,0/12,ONA,6.42,7.3,"Action, Fantasy",,FAILED_LOOKUP,FAILED_LOOKUP,,,
"A Herbivorous Dragon of 5,000 Years Gets Unfairly Villainized",0/12,TV,6.42,6.62,"6.8, Comedy, Fantasy",,FAILED_LOOKUP,FAILED_LOOKUP,,,
Otherworld Harem Story,0/4,OVA,6.36,5.9,"Ecchi, Fantasy, Harem",,FAILED_LOOKUP,FAILED_LOOKUP,,,
Kakuriyo -Bed & Breakfast for Spirits- 2,0/12,TV,6.36,7.7,"Demons, Fantasy, Slice of Life, Supernatural",,FAILED_LOOKUP,FAILED_LOOKUP,,,
A Day Before Us ZERO,0/19,ONA,6.35,7.4,"Drama, Romance, Slice of Life",,FAILED_LOOKUP,FAILED_LOOKUP,,,
A Day Before Us 2nd Season,0/15,ONA,6.35,7.5,"Romance, Slice of Life",,FAILED_LOOKUP,FAILED_LOOKUP,,,
Kingdom Season 6,0/13,TV,6.34,8.4,"Action, Historical, Military, Seinen, War",,FAILED_LOOKUP,FAILED_LOOKUP,,,
Farmagia,0/12,TV,6.34,5.8,"Action, Adventure, Fantasy",,FAILED_LOOKUP,FAILED_LOOKUP,,,
Love Live! Nijigasaki High School Idol Club: NEXT SKY,0/1,OVA,6.33,7.6,"Music, School, Slice of Life, Idols",,FAILED_LOOKUP,FAILED_LOOKUP,,,
9-nine- Ruler's Crown,0/13,TV,6.33,5.9,"Ecchi, Fantasy, Harem, Romance, School",,FAILED_LOOKUP,FAILED_LOOKUP,,,
Plus-sized Misadventures in Love!,0/12,TV,6.29,7.5,"Comedy, Romance, Slice of Life",,FAILED_LOOKUP,FAILED_LOOKUP,,,
"Boku no Imouto wa """"Osaka Okan""""",0/12,TV Short,6.28,6.3,"Comedy, Slice of Life",,FAILED_LOOKUP,FAILED_LOOKUP,,,
SI-VIS: The Sound of Heroes,0/24,TV,6.25,TBD,"Action, Fantasy, Music","""""Saikyou no Shienshoku 'Wajutsushi' de Aru Ore wa Sekai Saikyou Clan ni Shitagaeru N desu ga""""?",FAILED_LOOKUP,FAILED_LOOKUP,,,
Princess Lover! Picture Drama,0/6,Special,6.16,5.9,"Comedy, Ecchi, Harem",,FAILED_LOOKUP,FAILED_LOOKUP,,,
Agate,0/15,ONA,6.15,6.5,"Action, Fantasy, Magic",,FAILED_LOOKUP,FAILED_LOOKUP,,,
Princess Lover!: Magical Knight Maria-chan,0/6,Special,6.12,5.9,"Comedy, Ecchi, Magic, Parody",,FAILED_LOOKUP,FAILED_LOOKUP,,,
Girls und Panzer: Motto Love Love Sakusen desu!,0/4,Movie,6.03,7.8,"Comedy, Military",,FAILED_LOOKUP,FAILED_LOOKUP,,,
Love Between Fairy and Devil,0/12,ONA,6.02,7.9,"Fantasy, Magic, Romance",,FAILED_LOOKUP,FAILED_LOOKUP,,,
Sacred Seven: Wings of the Silver Moon,0/1,Movie,5.88,6.4,"Action, Sci-Fi, Super Power",,FAILED_LOOKUP,FAILED_LOOKUP,,,
Strike World: Deadverse Reloaded the Anime,0/10,TV,5.87,TBD,"Action, Fantasy, Strike the Blood IV?",,FAILED_LOOKUP,FAILED_LOOKUP,,,
Style of Hiroshi Nohara's Lunch,0/12,TV,5.86,6.6,"Comedy, Kids, Slice of Life",,FAILED_LOOKUP,FAILED_LOOKUP,,,
Yuan Zun,0/26,ONA,5.85,TBD,"Action, Adventure, Fantasy, Martial Arts",,FAILED_LOOKUP,FAILED_LOOKUP,,,
Sacred Seven: Wings of the Silver Moon Picture Drama,0/2,Special,5.84,5.9,Comedy,,FAILED_LOOKUP,FAILED_LOOKUP,,,
Cang Lan Jue Part 2,0/12,ONA,5.83,7,"Action, Adventure, Drama, Fantasy, Martial Arts, Romance",,FAILED_LOOKUP,FAILED_LOOKUP,,,
Psycho Armor Govarian,0/26,TV,5.81,6.2,"Action, Mecha, Sci-Fi",,FAILED_LOOKUP,FAILED_LOOKUP,,,
Whereabouts of Tomorrow: Ashita no Arika,0/1,ONA,5.78,6,"Drama, Sci-Fi",,FAILED_LOOKUP,FAILED_LOOKUP,,,
The Promised Neverland Season 2,0/11,TV,5.10,5.1,"Mystery, Psychological, Shounen, Supernatural",Significantly lower than S1 - consider manga instead,FAILED_LOOKUP,FAILED_LOOKUP,,,
Umamusume: Cinderella Gray 2nd Cour,0/10,TV,Unreleased,8.4,"Sports, Drama, Uma Musume: Cinderella Gray 2nd Cour",[2024+] Upcoming,UNRELEASED,UNRELEASED,Unrated,Unrated,
The Warrior Princess and the Barbaric King,0,TV,Unreleased,TBD,"Fantasy, Romance, Slice of Life",,FAILED_LOOKUP,FAILED_LOOKUP,,,
The Dangers in My Heart: The Movie,0/1,Movie,Unreleased,TBD,"Romance, Comedy, Slice of Life",[2024+] Upcoming,UNRELEASED,UNRELEASED,Unrated,Unrated,
That Time I Got Reincarnated as a Slime the Movie: Tears of the Azure Sea,0/1,Movie,Unreleased,TBD,"Fantasy, Isekai, Shounen",[2024+] Upcoming,UNRELEASED,UNRELEASED,Unrated,Unrated,
Shangri-La Frontier 3rd Season,0,TV,Unreleased,TBD,"Action, Adventure, Fantasy, Game, Shounen",[2024+] Upcoming,UNRELEASED,UNRELEASED,Unrated,Unrated,
Saikyou no Shokugyou wa Yuusha demo Kenja de mo Naku Kanteishi (Kari) Rashii desu yo?,0,TV,Unreleased,TBD,"Comedy, Fantasy",[2024+] Upcoming,UNRELEASED,UNRELEASED,Unrated,Unrated,
STEEL BALL RUN JoJo's Bizarre Adventure,0,ONA,Unreleased,TBD,"Action, Adventure, Supernatural, Super Power",[2024+] Upcoming,UNRELEASED,UNRELEASED,Unrated,Unrated,
Re:Zero kara Hajimeru Isekai Seikatsu 4th Season,0,TV,Unreleased,TBD,"Drama, Fantasy, Psychological, Thriller, Isekai",[2024+] Upcoming,UNRELEASED,UNRELEASED,Unrated,Unrated,
Puella Magi Madoka Magica the Movie -Walpurgisnacht: Rising-,0/1,Movie,Unreleased,TBD,"Drama, Magic, Psychological, Thriller, Mahou Shoujo",[2024+] Upcoming,UNRELEASED,UNRELEASED,Unrated,Unrated,
Otonari no Tenshi-sama ni Itsunomanika Dame Ningen ni Sareteita Ken 2nd Season,0,TV,Unreleased,TBD,"Comedy, Romance, Slice of Life",[2024+] Upcoming,UNRELEASED,UNRELEASED,Unrated,Unrated,
Otherworldly Munchkin: Let's Speedrun the Dungeon with Only 1 HP!,0,TV,Unreleased,TBD,"Action, Adventure, Comedy, Fantasy",[2024+] Upcoming,UNRELEASED,UNRELEASED,Unrated,Unrated,
Mushoku Tensei: Jobless Reincarnation Season 3,0,TV,Unreleased,TBD,"Drama, Fantasy, Isekai",[2024+] Upcoming,UNRELEASED,UNRELEASED,Unrated,Unrated,
Mu Long Shi,0,ONA,Unreleased,TBD,"Action, Adventure, Fantasy, Historical",[2024+],FAILED_LOOKUP,FAILED_LOOKUP,,,
Love Live! Nijigasaki High School Idol Club The Movie - Finale,0/1,Movie,Unreleased,TBD,"Music, School, Slice of Life, Idols",[2024+] Upcoming,UNRELEASED,UNRELEASED,Unrated,Unrated,
Kusuriya no Hitorigoto 3rd Season,0,TV,Unreleased,TBD,"Drama, Historical, Medical, Mystery, Romance",[2024+] Upcoming,UNRELEASED,UNRELEASED,Unrated,Unrated,
KOWLOON GENERIC ROMANCE,0/13,TV,Unreleased,TBD,"Mystery, Romance, Sci-Fi, Seinen",[2024+] Upcoming 2025,UNRELEASED,UNRELEASED,Unrated,Unrated,
JUJUTSU KAISEN Season 3: The Culling Game Part 1,0/12,TV,Unreleased,TBD,"Action, Fantasy, Shounen",[2024+] Upcoming 2025,UNRELEASED,UNRELEASED,Unrated,Unrated,
Higeki no Genkyou to Naru Saikyou Gedou Last Boss Joou wa...,0,TV,Unreleased,TBD,"Fantasy, Isekai, Villainess",[2024+] Upcoming,UNRELEASED,UNRELEASED,Unrated,Unrated,
Hell's Paradise Season 2,0/12,TV,Unreleased,TBD,"Action, Adventure, Drama, Historical, Horror, Mystery, Shounen, Supernatural",[2024+] Upcoming,UNRELEASED,UNRELEASED,Unrated,Unrated,
Fire Force Season 3 Part 2,0/13,TV,Unreleased,TBD,"Action, Drama, Mystery, Sci-Fi, Shounen, Supernatural",[2024+] 2025,FAILED_LOOKUP,FAILED_LOOKUP,,,
Fate/strange Fake,0/13,TV,Unreleased,TBD,"Action, Fantasy, Magic, Supernatural",[2024+] Ended 2024,FAILED_LOOKUP,FAILED_LOOKUP,,,
Dawang Raoming 3,0,ONA,Unreleased,TBD,"Action, Fantasy",[2024+],FAILED_LOOKUP,FAILED_LOOKUP,,,
Chained Soldier Season 2,0/12,TV,Unreleased,TBD,"Action, Ecchi, Fantasy, Shounen",[2024+] Upcoming,UNRELEASED,UNRELEASED,Unrated,Unrated,
Cang Lan Jue 2,0/26,ONA,Unreleased,TBD,"Action, Drama, Fantasy, Martial Arts, Romance",[2024+],FAILED_LOOKUP,FAILED_LOOKUP,,,
Blue Archive Anime PVs,0,Special,Unreleased,TBD,"Music, School",[2024+],FAILED_LOOKUP,FAILED_LOOKUP,,,
4 CUT HERO,0/10,ONA,Unreleased,TBD,"Action, Comedy, Fantasy, Slice of Life",[2024+] Upcoming,UNRELEASED,UNRELEASED,Unrated,Unrated,
